Company,Address,Postal Code,City,Country,Phone
PUCE ET PLUS,MÜNSTERGASSE 32,3011,BERN,CH,
Jules Unique,Helvetiastrasse 7,3005,Bern,CH,
VESTIAIRE NUMERO 5,rue de Conthey 5,1950,Sion,CH,
THE HOME SHOP,RAIN 14,5000,AARAU,CH,
Sonego Lugano,Via Pietro Peri 16,6900,Lugano,CH,
COUCOU LES BELLES,SEESTRASSE 26,8802,KILCHBERG,CH,
Rejane Rosenberger,Zürichstrasse 89,8700,Küsnacht / Zurich,CH,
MAHSOONI GMBH,GERBERGÄSSLEIN 2,4051,Basel,CH,
INSIDE,BELLIKERSTRASSE 9,8965,BERIKON,CH,
Little Copenhagen GmbH,Dorfmärit 14,3065,Bolligen,CH,
Kyori gmbh,Marktgasse 4,5620,Bremgarten,CH,
Accessoires Cuir,Marktgasse 28,4310,Rheinfelden,CH,
Naked Basel,Henric-Petri-Strasse 30,4051,Basel,CH,
Anderswo Concept Store,Wildbachstrasse 17,8008,Zurich,CH,
ARTICOLO BOUTIQUE,Stansstaderstrasse 16,6370,Stans,CH,
BOUTIQUE NORDBERG,St. Jakobs-Strasse 55,4132,Muttenz,CH,
AMARYLLIS,687 Great Western Rd,G12 8RA,Glasgow,GB,
WHITE FEATHER,294 Milkwood Rd,SE24 0EZ,London,GB,
MERCADO,25 Bridge Road,KT8 9EU,London,GB,
FANNY & FRANK,6-8 Market Hill,IP12 4LU,Suffolk,GB,
Woven,50 Brunswick St W,BN3 1EL,Brighton and Hove,GB,
Salt Society (St.Ives),Westcotts Quay,TR26 2DY,St.Ives,GB,
ATTIC,3 Crescent Courtyard,LS29 8DE,Ilkley,GB,
QUATTRO RISH,"Georgian Court, 9 Church St",RH2 0AA,Reigate,GB,
AVENUE,"36 Dunville Avenue,",D06 R520,Dublin 6,IE,
PLACE,Place Ballyfad Gorey,Y25VE27,Wexford,IE,
ISKIA,Jordan’s Courtyard,TA19 9PY.,Ilminster,GB,
UNCOMMON,"38B High Street Wimbledon,",SW19 5BY,London,GB,
Tuula,39 London Road,SK9 7JT,Alderley Edge,GB,
KJ's Laundry,74 Marylebone Lane,W1U 2PW,London,GB,
Salt Society,19 North St,"PL23 1DB,",Fowey,GB,
URSULA & ODETTE,"109 Rectory Grove, Leigh-on-Sea, Southend-on-Sea",SS9 2HW,Leigh-on-Sea,GB,
THE MERCANTILE,"17 Lamb Street, Spitalfields",E1 6EA,London,GB,
COLLEN & CLARE,"25, Market Place",IP18 6ED,Southwold,GB,
Amelie,"264 High Street, Berkhamsted",HP4 1AL,Hertfordshire,GB,
The Jacksons,5 All Saints Rd,W11 1HA,London,GB,
MANNA,7 West Centre,JE2 4ST,St Helier,IE,
ARIA BOUTIQUE,"7 Poplar Square, Naas",W91 X850,Co. Kildare,IE,
MUSE,92 The Quay,X91 WV 06,Waterford,IE,
Heavenly shops Knokke,Dumortierlaan 47,8300,Knokke,BE,
Zapato (bvba),Leistraat 44,2460,Lichtaart,BE,
Agathe,Rue Haute 21,4600,Visé,BE,
Fleury De Bock,Gentsebaan 40,9100,Sint-Niklaas,BE,
Edith Of Oxford,Statielei,2640,Mortsel,BE,
Klup SRL,"Chaussée de Theuse 42 B,",4802,Heusy,BE,
Pimprenelle,rue De Genleau 1,1380,Lasne,BE,
Manufactuur,Lembergsesteenweg 134,9820,Merelbeke,BE,
Deleye,Brugsesteenweg 550,8800,Roeselare,BE,
Pvl Invest,Mechelsestraat 20,3000,Leuven,BE,
Joy by Nina BV,Albert 1 laan 108,8620,Nieuwpoort,BE,
Dresscode,Wijnegemsesteenweg 39,2970,s Gravenwezel,BE,
De Heppie Store,Kroonstraat 30,1750,Lennik,BE,
Cape Cod,Straat Rue Saint-Adalbert 18,4000,plaats Liège 1,BE,
N.OEUF BV,Aldestraat 59,3500,Hasselt,BE,
Ritrovo BV,Belgiëlei 153 bus 302,2018,Antwerpen,BE,
Studios 1307 fashion agency,Eglantierlaan 61,2610,Antwerpen,BE,
BABY BELUGA,Volkstraat 1-3,2000,Antwerpen,BE,
MARKARINO LA BOTTEGA,Paardsemerstraat 9,3500,HASSELT,BE,
MIROIR,Spiegelstraat 9,3300,Tienen,BE,
Marcelle,GENTSTRAAT 63,9800,Deinze,BE,
PAR TERRE,K. Maenhoutstraat 12 b 2,9830,Sint-Martens-Latem,BE,
MARGARETA,Dorpshart 12,2870,PUURS,BE,
SCOUTT,Bredabaan 164,2930,Brasschaat,BE,
Mvan N.v.,Steenhouwersvest 33,2000,Antwerp,BE,
home/Malone,Hovedgaden 49,2970,Hørsholm,DK,
Vanilia,Sct. Mathis Gade 66,8800,Viborg,DK,
1,Toldbodvej 45,4581,Rørvig,DK,
Salt by Torvet 14 Aps,Torvegade 3,6950,Ringkøbing,DK,
Marie Lahn,Kongensgade 53,6700,Esbjerg,DK,
Bahne Vejle,Østerbrogade 70,2100,København Ø,DK,
Bahne Rødovre,Østerbrogade 70,2100,København Ø,DK,
Bahne Esbjerg,Østerbrogade 70,2100,København Ø,DK,
Bahne Sønderborg afd. 5,Østerbrogade 70,2100,København Ø,DK,
Bahne Fields afd. 12,Østerbrogade 70,2100,København Ø,DK,
"Bahne City 2, afd. 23",Østerbrogade 70,2100,København Ø,DK,
Bahne Kalundborg afd. 4,Østerbrogade 70,2100,København Ø,DK,
Bahne Hellerup afd. 17,Østerbrogade 70,2100,København Ø,DK,
Bahne Horsens afd. 13,Østerbrogade 70,2100,København Ø,DK,
Bahne Fisketorvet afd. 9,Østerbrogade 70,2100,København Ø,DK,
Bahne Hjørring afd. 14,Østerbrogade 70,2100,København Ø,DK,
"Bahne Lyngby, afd. 7",Østerbrogade 70,2100,København Ø,DK,
Bahne Frederiksbergcentret afd. 22,Østerbrogade 70,2100,København Ø,DK,
Mopshop,Sct Laurentiivej 61,9990,Skagen,DK,
Svane,Aavej 20,8305,Samsø,DK,
Tip Top Holstebro ApS,Nørregade 5,7500,Holstebro,DK,
Bahne Roskilde,Østerbrogade 70,2100,København Ø,DK,
Bahne Holbæk,Østerbrogade 70,2100,København Ø,DK,
CASSANDRA.DK ApS,Farum Bytorv 28,3520,Farum,DK,
Augusta v/Lene Andresen,Smedelundsvej 12 B,4300,Holbæk,DK,
Bahne Århus,Østerbrogade 70,2100,København Ø,DK,
DUCKERT & CO. ApS,Egedal centret 16,3660,Stenløse,DK,
Søstre / HW,Slotsgade 17,3400,Hillerød,DK,
Bahne Ålborg,Østerbrogade 70,2100,København Ø,DK,
Lynæs Surfcenter,Lynæs Havnevej 8a,3390,Hundested,DK,
Bahne Odense,Østerbrogade 70,2100,København Ø,DK,
Korsbæk,Frederiksgade 1C,7700,Thisted,DK,
Bahne Næstvedcentret afd. 3,Østerbrogade 70,2100,København Ø,DK,
Bahne Østerbro,Østerbrogade 70,2100,København Ø,DK,
Skaldyrshuset,Sønder Havnevej 5,9982,Ålbæk,DK,
Knud E,Danmarksgade 81,9900,Frederikshavn,DK,
MOJN ApS,Ramsherred 47,6200,Aabenraa,DK,
A' Poke,Søndergade 5,7100,Vejle,DK,
Butik Ølund,Hjultorv 3,4700,Næstved,DK,
STRAND8,Hjørringgade 8,9850,Hirtshals,DK,
Kalstrup Livstilshus,Søndergade 8,9480,Løkken,DK,
MAAK shop Randers,Houmeden 15,8900,Randers,DK,
Bruun-Bruun Skanderborg ApS,Adelgade 83,8660,Skanderborg,DK,
Madam My Frederiksberg,Gl. Kongevej 85,1850,Frederiksberg C,DK,
Kalstrup,Torvet 3b,9492,Blokhus,DK,
Merci,Vestergade 21,7323,Give,DK,
Kant by K,Rosengade 6b,4200,Slagelse,DK,
Mageløs,Mageløse 9,5000,Odense C,DK,
CAPO,Torvet 23,4600,Køge,DK,
Wiiben,Kirketorvet 2,7900,Nykøbing M,DK,
Idé Nyt Lyngby,Lyngby Storcenter,2800,Lyngby,DK,
Carroll & Carmen,Volden 16,8000,Århus C,DK,
MG,Storegade 11 C,6100,Haderslev,DK,
Charlotte R,Kongevejen 27,2791,Dragør,DK,
Codimu,Nordre Strandvej 334,3100,Hornbæk,DK,
BA10,Badstuegade 9b,8000,Århus C,DK,
Echt Hester,Midstraat 129,8501 AK,Joure,NL,
She Stories,Damlaan 34,2265 AN,Leidschendam,NL,
BernMODE,Schoutestraat 8,3512 GB,UTRECHT,NL,
Circle of trust concept store,Ferdinand Bolstraat 47-49,1072 LB,Amsterdam,NL,
Rubia boutique,raadguisstraat 18,4701 PR,Roosendaal,NL,
Dods,Bergstraat 5,6041,Roermond,NL,
Necessaries by Marlou,Kleine Overstraat 36A,7411 JM,DEVENTER,NL,
ECRU,Berg 33,5671,CA Nuenen,NL,
Depeche Donna,VUGHTERSTRAAT 33,5211 EX,DEN BOSCH,NL,
Iris Mode Voor Vrouwen,Eindhovenseweg 56b,5554,Valkenswaard,NL,
Church of labels,Ten Katestraat 67-71,1053 CC,AMSTERDAM,NL,
Boga Fashion,Beukerstraat 27,7201,Zutphen,NL,
Sonar,Kleine Berg 20,5611 AA,Eindhoven,NL,
September,Gasthuisplein 6,8011,Zwolle,NL,
See Fashion,Nachtegaallaan 18B,3722 AB,Bilthoven,NL,
Nikole,Schoutenbosje 4,1251 LE,Laren,NL,
BIJT BV,Dorpsweg 173,3738 CD,Maartensdijk,NL,
ECHT B.V,Raadhuisstraat 67,2101 HD,Heemstede,NL,
Joe & Brown Bv,Zandvoortselaan 8A,2106,CN Heemstede,NL,
Hidden Styles,Kerkstraat 11,4901 JE,Oosterhout,NL,
Buuf Jelly,Hellingspad 24,8715 HT,Stavoren,NL,
Goudsteen,Passage 11a,6301 DW,Valkenburg,NL,
ISSHOE,Peppelweg 134A,3053 GT,Rotterdam,NL,
Buyten “aan de Vecht”,Dannestraat 2,3621 AE,BREUKELEN,NL,
Grijs Mode,Rijksstratweg 159,9752 BD,Haren,NL,
De Buytenwinkels “op de Veluwe”,Utrechtseweg 170,6862 AT,Oosterbeek,NL,
Niinsky,St. Jacobsstraat 5,8911 HR,Leeuwarden,NL,
Vlieland Maritiem,Dorpstraat 94,8899 AL,Vlieland,NL,
Nina’s boutique,Rechtstraat 58,6221 EK,Maastricht,NL,
Palazzo,Wijngaardstraat 2B,4357 BG,Domburg,NL,
Frouwkje Lifestyle,Oudestraat 150,8261 CZ,Kampen,NL,
Shin by Basala,Bermweg 59-61,2906 LB,Capelle aan de IJssel,NL,
Zisa,Binnensingel 9,3291 TB,Strijen,NL,
Niconico,Frederikstraat 45,2514,LA. Den Haag,NL,
Garbo Mode,Frederik Hendriklaan 59-B,2582 BT,Den Haag,NL,
Rosee,Haverstraatpassage 84,7511,EZ Enschede,NL,
LILA,Wilhelminastraat 12,4818,SG Breda,NL,
Antraciet | living & fashion,Nieuwe Rijn 29,2312 JD,Leiden,NL,
WILLEMIJN,Langestraat 23,3861,BM NIJKERK,NL,
NO 33,Vriesestraat 33,3311,NN Dordrecht,NL,
Zondag,Willemsparkweg 161,1071 GZ,Amsterdam,NL,
"Brisa y Cangreja, SL","paseo reina Elisenda, 2",08034,Barcelona,ES,
IBZCODE S.L,Calle de la Cruz 21,07800,Ibiza,ES,
NOU BON AIRE SITGES SL (NEW),Calle Mayor 43,08870,Sitges,ES,
Berta Carballeira Maranges,"Bertrand i serra, 13 local 3",08022,Barcelona,ES,
KODY,C/ Margarita Pardo de Cela 8,27850,VIVEIRO,ES,
Maria Yanes Chavez,c/ Córdoba 37 1ª A edif Fortuna esc.exteriror,29640,Fuengirola,ES,
BEGU U,PABELLÓ 30,17255,BEGUR,ES,
THE LITTLE SHOP,RONDA SANT ANTONI MARIA CLARET 9,17002,GIRONA,ES,
SM THE BEAUTY,calle san juan n58,07500,manacor,ES,
Cedry Moda,Toribio Etxeberria 19,20600,País Vasco,ES,
Palmera,Carrer Fra Romeu Burguera 8,Santanyi Mallorca,07650,ES,
Monamoon,CALLE REAL 94 LOCAL,29680,Estepona,ES,
BOUTIQUE DEL RIO SL,"PLAZA DE LA INMACUALADA, 11",24001,LEÓN,ES,
ESTIBALIZ LARRAURI JAUREGUIZAR,"C/ Trake Kalea, 3",48370,"Bermeo, Vizcaya",ES,
"Lovely Reus, SL",Raval de Santa Anna 19,43201,Reus,ES,
Mercedes del Nacimiento Romero,"Rúa Da Cobasa n8, bajo derecha",15965,Ribeira,ES,
Miss Konku S.L,Piferrer 144 entlo 3ª,08016,Barcelona,ES,
"SMS - MATMILA SHOWROOM, S.L.","C/BALMES 449, 1º 2ª",8022,Barcelona,ES,
TOMMY,"C/SANT ANTONI 35, 2º",08201,SABADELL,ES,
WEBSHOP-ES,"Rentemestervej 62, Baghuset",2400,København NV,ES,
MONTAÑA VALLE GALÁN,CALLE ENMEDIO 65,12001,CASTELLÓN,ES,
MªAntonia Gili Barbosa,"Gracia, 45 bajos",8201,Sabadell,ES,
Spazio Moda,C) Cesaria 17 Bajos 3,17211,Catalunya,ES,
Itsomi / Atlhaea Rosea S.L,Local 14 Ribera del Marlin,11310,San Roque,ES,
Noubonaire (old account),Calle Mayor 43,08870,Sitges,ES,
Despiral,Santa Clara 43,17001,Girona,ES,
El mundo al reves S.L,C/CONDE SALVATIERRA 21 BAJO IZQ,46004,Valencia,ES,
"Quera TSE, S.L",Plaza De Los árboles 4-6,17230,Palamos,ES,
Iasone Olañeta S.L,c) Barrenkalea 13 Bajo,20570,Gipuzkoa,ES,
"Malvasia de Fontesquelo, S.L.","C/ Xelmírez, 22",15704,Santiago de Compostela,ES,
PAULA'S ROOM,"c/Paraires 15,",7001,Palma De Mallorca,ES,
Tuit fashion home S.L,"c/ Narcís Monturiol, 12",8348,Vilassar de Mar,ES,
SAND & COCO,c/Gonzales del Valle 12,33004,Oviedo,ES,
YUPPI (Pinat Styles Store S.L),CALLE PINTOR DOMENECH NUM 2,08320,Masnou (EL)-Barcelona,ES,
BOHEMIAN,"Calle Pintor Laxeiro, 13",36211,VIGO,ES,
NEREA SAN MARTIN ASTIGARRAGA,"C/ Garibai, 4",20004,San Sebastián,ES,
Inarkadia / Tarazaga Azcoitia S.L,Plaza Federico Moyua 6 Lonja,48009,BILBAO,ES,
It´s lovely (Lourdes Estevill),Raval de Satna Anna 19 Baixos,43201,REUS (Tarragona),ES,
Figuera D'Indi SL,Carretera San Juan km. 3,7819,IBIZA,ES,
LA FOLIE SANTANDER SL,C/ Daoiz Y Velarde 23,39001,Santander,ES,
"Kala, S. CCCC.","C/ Rosari, 29",7701,Mahón (menorca),ES,
Penelope Blanco,c) Olivia numero 7,36001,Galicia,ES,
VESTIRAS (BEGUR),Plaza del Porador 3-A,8960,Sant Just Desvern,ES,
PLUME CB,C/Republica Argentina 6,06005,Badajoz,ES,
Anna Vidal Contreras,"c/ Seminari, 34",7760,Ciutadella ( Menorca),ES,
Blink - Formentera,c/Ramón Llull 11,07860,San Fransisco - Formentera,ES,
VASQUIAT VFR SL,"Carrer de Provença 243, local",8008,Barcelona,ES,
Clara Sepó Verdura,"c/. Manlleu, 10 – 3º",08500,"Vic, Barcelona",ES,
VESTIRAS (SAN JUST DESVERN),Plaza del Porador 3-A,8960,Sant Just Desvern,ES,
"Studio Seven & Joo, s.l.",Ricardo Calvo 5,8022,Barcelona,ES,
"TEORIA RELATIVA, SL (MAAT)","c/ Tetuan, 12C",8172,Sant Cugat del Vallés,ES,
CALSERRA,"Caputxins, 28",8800,VILANOVA I LA GELTRÚ,ES,
THE CLASS ROOM,C/ BISBE CATALÀ 28-34 3º2,08034,Barcelona,ES,
No 45 at sea,Avinguda de la marina 1,03720,Benissa Alicante,ES,
TRAPPER,"C/SAN AGUSTIN, 2",33202,GIJON,ES,
HENAR POLO PINILLA,C/ BIENTOCADAS Nº 9,37002,SALAMANCA,ES,
Synoco S.L,Avenida Manolete,29660,Nueva Andalucia,ES,
UNIVERSONUDE S.L.U.,C/ NAVARRO RODRIGO 18,4001,ALMERIA,ES,
248,"C/ Rossello, 248",08008,Barcelona,ES,
CARMEN-AMELIE S.L,"C/General Concha, 6",48008,Bilbao,ES,
Nac Nac Madrid S.L,C) Velazquez 56,28001,Madrid,ES,
CAPS SANT CUGAT S.L,C/ PROVENZA 274,8008,Barcelona,ES,
Petit Comite S.C,Jabonerías 11,30001,Murcia,ES,
"FASHION DISTRICT SPAIN, S.L","C/ JORGE JUAN, 29 4º",28001,Madrid,ES,
Ángeles Molina Acevedo,c/Berdigón 36,21003,Huelva,ES,
IA MASSANA,"Avda Diagonal, 626",8021,Barcelona,ES,
Chapeau Fashion SL,C/ Hernan Cortes 5,46004,Valencia,ES,
RUBEN A. HERNANDEZ/IBZ code (Old Account),Calle de la Cruz 21,7800,Ibiza,ES,
Sanjo Concept s.l,C/ Menendez y Pelayo 3,15005,La Coruña,ES,
VICTOIRE 6E,17 Rue du Mail,75002,Paris,FR,
MAISON MADONE,20 Rue Bonaparte,0600,Nice,FR,
NORO,01 rue des sergents,80000,Amiens,FR,
TOM ET LULU,26 RUE ADRIEN DUBOUCHE,87000,limoges,FR,
BIBA,18 Rue de Sèvres,75007,Paris,FR,
PLACE DES TENDANCES,110 BIS AV DU GENERAL LECLERC,93500,Pantin,FR,
MADEMOISELLE MARSEILLE,27 RUE SYLVABELLE,13006,MARSEILLE,FR,
LAMANDA SAINT JEAN,61 Rue Léon Gambetta,64500,Saint Jean de Luz,FR,
LAMANDA BIARRITZ,10 AVENUE VICTOR-HUGO,64200,Biarritz,FR,
VICTOIRE,"72, BOULEVARD LOUIS BLANC",83990,SAINT TROPEZ,FR,
AU 44,44 Rue de Metz,31000,Toulouse,FR,
ROCHE,69 Rue des Gravilliers,75003,Paris,FR,
Maison S.G,"39, Rue Amiral Roussin",21000,Dijon,FR,
L’armoire de Alexandra,2 quai de L’Astrée,42600,MONTBRISON,FR,
YMA,"21, Rue Thiers",13100,Aix en Provence,FR,
Mademoiselle Prune,28 avenue du Marechal de Saxe,69006,Lyon,FR,
ALCHIMIE,1 Rue Matheron,13100,Aix En Provence,FR,
BLUE GIGI,6 RUE JEAN LONNET,17880,Les Portes en Ré,FR,
Le Petit 29,2 rue des merciers,35400,Saint Malo,FR,
ROYALBLS - ROYAL BUNGALOW,142 RUE D'ANTIBES,06400,CANNES,FR,
LA FRINGOLOGUE,48 RUE DE L'ANCIEN COURRIER,11100,NARBONNE,FR,
L'ATELIER 31,31 Route de gordes,84220,Cabrieres D'avignon,FR,
DANS MON DRESSING,5 place Ledru Rollin,34120,PEZENAS,FR,
Kuestensilber Concept Store GmbH,Große Bleichen 37,20354,Hamburg,DE,
Sonnen Apotheke,Theodor-Heuss Strasse 35,D-85055,Ingolstadt,DE,
Conceptstore Things We Love,Chamonix Strasse 4,82467,Garmisch Partenkirchen,DE,
Rey the Store,Kirchbrunnenstr. 30,74072,Heilbronn,DE,
Samt und Bsonders,Ludwig-März-Straße 3,82377,Penzberg,DE,
Ferdinand,Schäfflerstr. 9,80333,München,DE,
Lochner Fashion,xxxx,xxxx,Burghausen,DE,
le SHOP,Friedrichstraße 17,53111,Bonn,DE,
The Danish Girl,Franz-Joseph-Straße 46,80801,München,DE,
Como,Ruggestr.7,59302,Oelde,DE,
New Down Town,Morgenstraße 12,59423,Unna,DE,
Galerie Hilker,Mittelstraße 82,32805,Horn-Bad Meinberg,DE,
Caramia Fashion Favourites GmbH,Uerdinger Strasse 20,40474,Düsseldorf,DE,
Markenherberge GmbH,Am Technologiepark 10,82229,Seefeld,DE,
La Deco by Pampelmousse,Kirchheimer Strasse 75,70619,Stuttgart,DE,
Süssling,Sollnerstr. 47,81479,München,DE,
Der Wäscheladen Bed Bath Beach,Volkartstr. 2a,80634,München,DE,
PURE Bekleidungsgeschäfte GmbH,Unterer Metzgerbach 15,73728,Esslingen,DE,
LiN & Co,Rathausstraße 6,83022,Rosenheim,DE,
Rue Lazar,Geitau 10,83735,Bayrischzell,DE,
Livingroom,"Wiener Platz 2,",81667,München,DE,
MUTTER & KIND,Marktstr. 8,88212,Ravensburg,DE,
Freudenhaus Concept Store,Friedrich-Ebert-Straße 112,42719,Solingen,DE,
Palu Store,Martinstrasse13,83607,Holzkirchen,DE,
Viva mode,Klosterstr. 6,50374,Erftstadt,DE,
Herzstück e.K.,Schloßstrasse 14b,82031,Grünwald,DE,
BLITZ,Heumarkt 6,96047,Bamberg,DE,
"Tragbar (New customer account ""Pure"")",Martinstraße 6,73728,Esslingen,DE,
SCANDI CLUB,Maximilianstrasse 23,95444,Bayreuth,DE,
TATEM,Gerlindenweg 36b,13505,Berlin,DE,
Typosphäre Concept GmbH,An der Karlsbruecke 2-4,90403,Nürnberg,DE,
Schwarzmarkt / Sammet & Lauber Streetwear GmbH,Am Obstmarkt 1,71522,Backnang,DE,
Walka,Ottenser Hauptstrasse 31,22765,Hamburg,DE,
Label-Agent Distribution GmbH (agency account),Tempelhofer Ufer 22,10963,Berlin,DE,
My Fitch,Schirmerstr.42,40211,Düsseldorf,DE,
Diskosirup,Wörthstr. 13,81667,München,DE,
Townhouse Shopping,Am Staudengarten 7,81547,München,DE,
RAU Berlin,Gormannstrasse 7,10119,Berlin,DE,
Mata Cologne,Flandrische Str.6,50674,Köln,DE,
Hit the high,Lange Gasse 14,72070,Tübingen,DE,
Room Nine Concept Stores,Sterntorbrücke 9,53111,Bonn,DE,
M.Klein Textil GmbH,Eppendorfer Baum 19,20249,Hamburg,DE,
MARIA,Fahrgasse 10,60311,Frankfurt am Main,DE,
Capricorn Store,Reichenbachstraße 30,80469,München,DE,
STYN Urban Stories / Heimathafen,Frau-Clara-Str. 26-28,24340,Eckernförde,DE,
Stoffwechsel,Fürstenstrasse 15,66111,Saarbrücken,DE,
Fine little things,Andechser Straße 44a,82319,Starnberg- Söcking,DE,
SKOUBO,Am Weidenpesch 1,50858,Köln Junkersdorf,DE,
Kuestensilber Concept Store GmbH (OLD ACCOUNT),Große Bleichen 37,20354,Hamburg,DE,
MARBY Fashion & Style,Pflegstr. 1,73033,Göppingen,DE,
Via Sal Schuhe und Mode,Salzstrasse 20,79098,Freiburg,DE,
Heckmann,Schulstraße 5,64283,Darmstadt,DE,
Werkstattladen,Hauptstrasse 11,82402,Seeshaupt,DE,
Hanim No2,Rüttenscheider Str. 54,45130,Essen,DE,
Ikona,Hegestr. 13,20251,Hamburg,DE,
Garderoba,Marticeva 17,10000,Zagreb,HR,
SKÖNA CLARA,"Hiihtotie 3, Köykärinmäki",67600,Kokkola ,FI,
ORFANIDIS BROS,27 Kolokotroni Str.,10562,Athens,GR,
Andre Costa SA Oporto & Andre Costa SA Algarve,Rua Engenheiro Ferreira Dias 938 Arm -1      ,4100-246,Porto,PT,
Rogers Fjällbacka,Galärbacken 15,45740,Fjällbacka,SE,
Butik MG,Lindomevägen 39,42750,Billdal,SE,
2 Plan,Slättgårdsvägen 1,12941,Hägersten,SE,
PP CO.,Gamla Skeppsbron 10,29631,Åhus,SE,
ARTIKLAR STHLM AB,Flemminggatan 65,11232,Stockholm,SE,